[
  {
    "id": "e0df5bf7-de8b-48f0-989f-896bcba931c4",
    "data": [
      {
        "text": "how can you help",
        "userDefined": false
      }
    ],
    "isTemplate": false,
    "count": 0,
    "updated": 0
  },
  {
    "id": "4195230a-bef0-442b-b92b-395abbee7e8d",
    "data": [
      {
        "text": "what can you help",
        "userDefined": false
      }
    ],
    "isTemplate": false,
    "count": 0,
    "updated": 0
  },
  {
    "id": "6fa849d6-4136-47fe-abd3-86629485e32c",
    "data": [
      {
        "text": "what can you help on",
        "userDefined": false
      }
    ],
    "isTemplate": false,
    "count": 0,
    "updated": 0
  },
  {
    "id": "2221364b-a3fc-4c4e-b7eb-bbb01daa44e1",
    "data": [
      {
        "text": "Tell me what you can do",
        "userDefined": false
      }
    ],
    "isTemplate": false,
    "count": 0,
    "updated": 0
  },
  {
    "id": "f7ef3e43-8aa6-4c2a-8a43-5da9cdfc49f9",
    "data": [
      {
        "text": "commands",
        "userDefined": false
      }
    ],
    "isTemplate": false,
    "count": 0,
    "updated": 0
  },
  {
    "id": "39ca5d65-1673-4b78-b594-f51ecabbc667",
    "data": [
      {
        "text": "what can u do",
        "userDefined": false
      }
    ],
    "isTemplate": false,
    "count": 0,
    "updated": 0
  },
  {
    "id": "e3a9a2d9-c117-400a-aa86-a6847109e103",
    "data": [
      {
        "text": "what can you do",
        "userDefined": false
      }
    ],
    "isTemplate": false,
    "count": 0,
    "updated": 0
  }
]