[
  {
    "id": "c7172a0d-e7b4-450b-ab9e-27dccdea7edf",
    "data": [
      {
        "text": "Ok",
        "userDefined": false
      }
    ],
    "isTemplate": false,
    "count": 0,
    "updated": 0
  },
  {
    "id": "83854b6c-5b86-41e2-8ed3-4017c9af8335",
    "data": [
      {
        "text": "Fine",
        "userDefined": false
      }
    ],
    "isTemplate": false,
    "count": 0,
    "updated": 0
  },
  {
    "id": "c738094c-501b-45ff-8d04-04a9ffc7140e",
    "data": [
      {
        "text": "I am doing alright",
        "userDefined": false
      }
    ],
    "isTemplate": false,
    "count": 0,
    "updated": 0
  },
  {
    "id": "4c012d5b-8440-4993-9f7a-04c99cd63ddc",
    "data": [
      {
        "text": "Doing Fine",
        "userDefined": false
      }
    ],
    "isTemplate": false,
    "count": 0,
    "updated": 0
  }
]