[
  {
    "id": "e9c06176-1121-4cad-9084-ef2188c07459",
    "data": [
      {
        "text": "你好",
        "userDefined": false
      }
    ],
    "isTemplate": false,
    "count": 0,
    "updated": 0
  },
  {
    "id": "45582458-b322-4581-a63c-0856ec39730e",
    "data": [
      {
        "text": "喂",
        "userDefined": false
      }
    ],
    "isTemplate": false,
    "count": 0,
    "updated": 0
  },
  {
    "id": "d3b313a8-378f-4416-b8f3-8220a685bce5",
    "data": [
      {
        "text": "嗨",
        "userDefined": false
      }
    ],
    "isTemplate": false,
    "count": 0,
    "updated": 0
  },
  {
    "id": "0ab726bb-3b7c-4712-a3ab-684d1c6ffad4",
    "data": [
      {
        "text": "哈啰",
        "userDefined": false
      }
    ],
    "isTemplate": false,
    "count": 0,
    "updated": 0
  },
  {
    "id": "f424bcf6-8601-4bbe-848a-838ca8b73b27",
    "data": [
      {
        "text": "嘿",
        "userDefined": false
      }
    ],
    "isTemplate": false,
    "count": 0,
    "updated": 0
  },
  {
    "id": "4a8738cf-9ab7-4ba6-b648-570f06a92c18",
    "data": [
      {
        "text": "嗨 你好",
        "userDefined": false
      }
    ],
    "isTemplate": false,
    "count": 0,
    "updated": 0
  },
  {
    "id": "c12259c8-d8de-4c58-a190-b2c83c5e204b",
    "data": [
      {
        "text": "嗨宝贝",
        "userDefined": false
      }
    ],
    "isTemplate": false,
    "count": 0,
    "updated": 0
  },
  {
    "id": "8cb142a3-f349-4803-bdfb-396ffedae063",
    "data": [
      {
        "text": "嗨蜜糖",
        "userDefined": false
      }
    ],
    "isTemplate": false,
    "count": 0,
    "updated": 0
  },
  {
    "id": "62994b5d-c118-44d2-ba51-4d8c7e43e66b",
    "data": [
      {
        "text": "嗨美女",
        "userDefined": false
      }
    ],
    "isTemplate": false,
    "count": 0,
    "updated": 0
  },
  {
    "id": "86662355-7a4b-4b73-9443-6153d4b34db2",
    "data": [
      {
        "text": "嗨甜心",
        "userDefined": false
      }
    ],
    "isTemplate": false,
    "count": 0,
    "updated": 0
  },
  {
    "id": "c40c27ec-cdd3-4518-93c5-4847d824aabf",
    "data": [
      {
        "text": "嗨飞飞",
        "userDefined": false
      }
    ],
    "isTemplate": false,
    "count": 0,
    "updated": 0
  },
  {
    "id": "70d5e212-3c7d-44b8-8022-9f1353328040",
    "data": [
      {
        "text": "嗨老婆",
        "userDefined": false
      }
    ],
    "isTemplate": false,
    "count": 0,
    "updated": 0
  },
  {
    "id": "d282e7f6-a29b-4a24-9c5f-8bf2cf62ca0f",
    "data": [
      {
        "text": "嗨爱人",
        "userDefined": false
      }
    ],
    "isTemplate": false,
    "count": 0,
    "updated": 0
  },
  {
    "id": "9f6e89e1-bb45-4dd0-a63e-5dae3ade35ab",
    "data": [
      {
        "text": "嗨可爱的",
        "userDefined": false
      }
    ],
    "isTemplate": false,
    "count": 0,
    "updated": 0
  },
  {
    "id": "e442ac6c-728a-4926-8ddc-a429fcb83e4d",
    "data": [
      {
        "text": "嗨 亲爱的",
        "userDefined": false
      }
    ],
    "isTemplate": false,
    "count": 0,
    "updated": 0
  },
  {
    "id": "17e6cef8-229c-49e0-b672-29f935ac731e",
    "data": [
      {
        "text": "嗨你好朋友",
        "userDefined": false
      }
    ],
    "isTemplate": false,
    "count": 0,
    "updated": 0
  },
  {
    "id": "7a80a60a-f4fe-4a31-83f9-fd0190bfae3e",
    "data": [
      {
        "text": "哈啰老婆",
        "userDefined": false
      }
    ],
    "isTemplate": false,
    "count": 0,
    "updated": 0
  },
  {
    "id": "51036d6a-e0e7-4391-96bf-a6ef99d7375e",
    "data": [
      {
        "text": "哈啰飞飞",
        "userDefined": false
      }
    ],
    "isTemplate": false,
    "count": 0,
    "updated": 0
  },
  {
    "id": "a871c4bc-65f8-4411-a71a-8ca991ab4a8e",
    "data": [
      {
        "text": "哈啰宝贝",
        "userDefined": false
      }
    ],
    "isTemplate": false,
    "count": 0,
    "updated": 0
  },
  {
    "id": "0ce42f9b-49eb-48ac-82c9-a0ee37e6dd61",
    "data": [
      {
        "text": "哈啰美女",
        "userDefined": false
      }
    ],
    "isTemplate": false,
    "count": 0,
    "updated": 0
  },
  {
    "id": "9be35f56-cb53-42e8-bfaa-406a2e2d6ef3",
    "data": [
      {
        "text": "哈啰甜心",
        "userDefined": false
      }
    ],
    "isTemplate": false,
    "count": 0,
    "updated": 0
  },
  {
    "id": "f5befc27-7e72-44f7-9aef-7699aec647a8",
    "data": [
      {
        "text": "哈啰朋友",
        "userDefined": false
      }
    ],
    "isTemplate": false,
    "count": 0,
    "updated": 0
  },
  {
    "id": "6a76f253-8884-4ef4-87ae-172608744425",
    "data": [
      {
        "text": "哈啰你好",
        "userDefined": false
      }
    ],
    "isTemplate": false,
    "count": 0,
    "updated": 0
  },
  {
    "id": "79cdb9b6-7b8d-48de-ad33-27d59b70b4c4",
    "data": [
      {
        "text": "哈啰我亲爱的",
        "userDefined": false
      }
    ],
    "isTemplate": false,
    "count": 0,
    "updated": 0
  },
  {
    "id": "5fce2a56-cad3-48a2-b530-b44c5a418dea",
    "data": [
      {
        "text": "嘿 你好",
        "userDefined": false
      }
    ],
    "isTemplate": false,
    "count": 0,
    "updated": 0
  },
  {
    "id": "856de9f6-1010-417e-aaa0-8aaca5c58363",
    "data": [
      {
        "text": "嘿老婆",
        "userDefined": false
      }
    ],
    "isTemplate": false,
    "count": 0,
    "updated": 0
  },
  {
    "id": "4a56be27-95b5-4ced-aa03-4b91dee895b1",
    "data": [
      {
        "text": "嘿飞飞",
        "userDefined": false
      }
    ],
    "isTemplate": false,
    "count": 0,
    "updated": 0
  },
  {
    "id": "dde2ccc1-18db-4495-918d-3cd750c70062",
    "data": [
      {
        "text": "嘿美女",
        "userDefined": false
      }
    ],
    "isTemplate": false,
    "count": 0,
    "updated": 0
  },
  {
    "id": "6f4d5b1b-f218-4a92-812b-e692448fd08e",
    "data": [
      {
        "text": "嘿伙伴",
        "userDefined": false
      }
    ],
    "isTemplate": false,
    "count": 0,
    "updated": 0
  },
  {
    "id": "f994b87b-134c-41a4-a6f2-413f96ba5624",
    "data": [
      {
        "text": "嘿女孩",
        "userDefined": false
      }
    ],
    "isTemplate": false,
    "count": 0,
    "updated": 0
  },
  {
    "id": "9e32e1cf-fdb3-4d10-92f5-97fccdd3e6fe",
    "data": [
      {
        "text": "嘿助手",
        "userDefined": false
      }
    ],
    "isTemplate": false,
    "count": 0,
    "updated": 0
  },
  {
    "id": "8933b07a-e4f3-4ed2-a0a0-68f15726fc7d",
    "data": [
      {
        "text": "嘿可爱的",
        "userDefined": false
      }
    ],
    "isTemplate": false,
    "count": 0,
    "updated": 0
  },
  {
    "id": "8975abe0-19a0-4343-83ac-bc619513114f",
    "data": [
      {
        "text": "只想给你打个招呼",
        "userDefined": false
      }
    ],
    "isTemplate": false,
    "count": 0,
    "updated": 0
  },
  {
    "id": "a40f693a-66d1-4b28-84b8-0558ce558139",
    "data": [
      {
        "text": "美好的一天对吧",
        "userDefined": false
      }
    ],
    "isTemplate": false,
    "count": 0,
    "updated": 0
  },
  {
    "id": "f3dfea9d-3e9d-443f-85f7-617b48b54562",
    "data": [
      {
        "text": "再一次问好",
        "userDefined": false
      }
    ],
    "isTemplate": false,
    "count": 0,
    "updated": 0
  },
  {
    "id": "7527d3bb-5ec0-459a-9de6-65b066b26841",
    "data": [
      {
        "text": "好久不见",
        "userDefined": false
      }
    ],
    "isTemplate": false,
    "count": 0,
    "updated": 0
  },
  {
    "id": "1e6c03dc-6199-4f9f-a1ea-deea00bcd84e",
    "data": [
      {
        "text": "哈喽",
        "userDefined": false
      }
    ],
    "isTemplate": false,
    "count": 0,
    "updated": 0
  },
  {
    "id": "09110494-985c-4210-b2be-5e983a716175",
    "data": [
      {
        "text": "你好啊",
        "userDefined": false
      }
    ],
    "isTemplate": false,
    "count": 0,
    "updated": 0
  },
  {
    "id": "4780d603-7182-4aee-a31b-a3f77d124614",
    "data": [
      {
        "text": "嘿嘿",
        "userDefined": false
      }
    ],
    "isTemplate": false,
    "count": 0,
    "updated": 0
  }
]