[
  {
    "id": "71ceabf8-4144-4c03-b9ed-eb7f1edf1c15",
    "data": [
      {
        "text": "what does it cover",
        "userDefined": false
      }
    ],
    "isTemplate": false,
    "count": 2,
    "updated": 0
  },
  {
    "id": "7c4d3c02-3ef6-4a55-b57c-971dca176721",
    "data": [
      {
        "text": "what does oshc cover",
        "userDefined": false
      }
    ],
    "isTemplate": false,
    "count": 0,
    "updated": 0
  },
  {
    "id": "2ee82988-3e77-44c2-a018-ddb1c68b1301",
    "data": [
      {
        "text": "What is covered",
        "userDefined": false
      }
    ],
    "isTemplate": false,
    "count": 1,
    "updated": 0
  },
  {
    "id": "b97ccec5-f423-4b98-b60f-80ddbdab5ef8",
    "data": [
      {
        "text": "What does OSHC covers?",
        "userDefined": false
      }
    ],
    "isTemplate": false,
    "count": 0,
    "updated": 0
  }
]